archivo,carpeta,file_id,tipo,tamaño,fecha_modificacion,url_completa
SABANA PARA INDICADORES.xlsx,DISCO LOCAL D 2026,17h9H7yAhCJ_phdX2oqyO2_VP3lycE4e4,xlsx,39.2 KB,2026-03-18,https://docs.google.com/spreadsheets/d/17h9H7yAhCJ_phdX2oqyO2_VP3lycE4e4/edit?usp=drivesdk&ouid=108903452697856056621&rtpof=true&sd=true
"Cap II, Reto 1_Riesgo hídrico, climático y degradación ecológica como límite estructural del desarrollo.docx",DISCO LOCAL D 2026,1IweLUpIXs02ZQHCYpmnSYFr8J4GeAv7j,docx,12.8 MB,2026-03-18,https://docs.google.com/document/d/1IweLUpIXs02ZQHCYpmnSYFr8J4GeAv7j/edit?usp=drivesdk&ouid=108903452697856056621&rtpof=true&sd=true
IMG_20251226_111901_00_046 - copia_2025-12-31_15-33-15_capturadepantalla.jpg,DISCO LOCAL D 2026,10KTJieQ-mH5cvJvt72AygqYbH6ErrlWo,jpg,3.6 MB,2025-12-31,https://drive.google.com/file/d/10KTJieQ-mH5cvJvt72AygqYbH6ErrlWo/view?usp=drivesdk
IMG_20251226_111901_00_046 - copia_2025-12-31_15-37-48_capturadepantalla.jpg,DISCO LOCAL D 2026,1ugka3femkQvPEJ9koz8bQZ6X4qhf6NWw,jpg,4.4 MB,2025-12-31,https://drive.google.com/file/d/1ugka3femkQvPEJ9koz8bQZ6X4qhf6NWw/view?usp=drivesdk
INFORME_SALIDAS_SVP_2050._Carlos_García_12112025docx[1].docx,DISCO LOCAL D 2026,1KKVHWz18HdQAsnrtEUh9ZyX88fdE0Pz9,docx,1.1 MB,2025-12-01,https://docs.google.com/document/d/1KKVHWz18HdQAsnrtEUh9ZyX88fdE0Pz9/edit?usp=drivesdk&ouid=108903452697856056621&rtpof=true&sd=true
2_Variables_Estratégicas[1].docx,DISCO LOCAL D 2026,1ky8BG0vwyGr4p1w8dRU5RnrMHmtCCsxD,docx,19.4 KB,2025-12-01,https://docs.google.com/document/d/1ky8BG0vwyGr4p1w8dRU5RnrMHmtCCsxD/edit?usp=drivesdk&ouid=108903452697856056621&rtpof=true&sd=true
Universidad Nacional de Colombia Situación.doc,DISCO LOCAL D 2026/UIS_Articulos Varios_Universidades_2004,1AaW_hJBKEpTfDcZSxCGd4x1jn9y3DuWz,doc,40.5 KB,2004-12-13,https://docs.google.com/document/d/1AaW_hJBKEpTfDcZSxCGd4x1jn9y3DuWz/edit?usp=drivesdk&ouid=108903452697856056621&rtpof=true&sd=true
Comunicado Consejo Académico  Nov30.doc,DISCO LOCAL D 2026/UIS_Articulos Varios_Universidades_2004,1JSeyG4G7g14yLUptAvw1rYJ4fzPtwXNW,doc,49 KB,2004-12-13,https://docs.google.com/document/d/1JSeyG4G7g14yLUptAvw1rYJ4fzPtwXNW/edit?usp=drivesdk&ouid=108903452697856056621&rtpof=true&sd=true
Pronunciamiento Rector UIS.doc,DISCO LOCAL D 2026/UIS_Articulos Varios_Universidades_2004,13OY-yd62TeHybGfIsn1Qrpu0TTyAPwsm,doc,43.5 KB,2004-12-13,https://docs.google.com/document/d/13OY-yd62TeHybGfIsn1Qrpu0TTyAPwsm/edit?usp=drivesdk&ouid=108903452697856056621&rtpof=true&sd=true
Editorial Catedra Libre - Noviembre.doc,DISCO LOCAL D 2026/UIS_Articulos Varios_Universidades_2004,1nJlQOkDqk0bq2_-CH06bP68Ejq445rUC,doc,29.5 KB,2004-12-13,https://docs.google.com/document/d/1nJlQOkDqk0bq2_-CH06bP68Ejq445rUC/edit?usp=drivesdk&ouid=108903452697856056621&rtpof=true&sd=true
Nueva Carta Editorial 16.doc,DISCO LOCAL D 2026/UIS_Articulos Varios_Universidades_2004,1RrE4W--zgAf0E_LTG2IzAydCKvBaRRbp,doc,225.5 KB,2004-03-24,https://docs.google.com/document/d/1RrE4W--zgAf0E_LTG2IzAydCKvBaRRbp/edit?usp=drivesdk&ouid=108903452697856056621&rtpof=true&sd=true
Pensar la extension.doc,DISCO LOCAL D 2026/UIS_Articulos Varios_Universidades_2004,14GOv1BPYPAfGVHY2v3dJl3sMnxl3hm8N,doc,45.5 KB,2003-10-29,https://docs.google.com/document/d/14GOv1BPYPAfGVHY2v3dJl3sMnxl3hm8N/edit?usp=drivesdk&ouid=108903452697856056621&rtpof=true&sd=true
corplan foro ciudades del conoc..doc,DISCO LOCAL D 2026/Ideas de proyectos_Ciudades del Conocimiento_Foro Corplan_2002,1Jz0GTJC28IMBIzTRZRz5DWLO-w54DFgq,doc,136 KB,2002-08-27,https://docs.google.com/document/d/1Jz0GTJC28IMBIzTRZRz5DWLO-w54DFgq/edit?usp=drivesdk&ouid=108903452697856056621&rtpof=true&sd=true
formato de evaluacion.doc,DISCO LOCAL D 2026/Ideas de proyectos_Ciudades del Conocimiento_Foro Corplan_2002,1TvuGrWn6MCu-UB9xU40OhjwznB0K0DM2,doc,47.5 KB,2002-07-24,https://docs.google.com/document/d/1TvuGrWn6MCu-UB9xU40OhjwznB0K0DM2/edit?usp=drivesdk&ouid=108903452697856056621&rtpof=true&sd=true
Salud_proyecto desplazados.doc,DISCO LOCAL D 2026/Ideas de proyectos_Ciudades del Conocimiento_Foro Corplan_2002,1cTCwm4Uxate7QrQU3abvhhZBaOUeo24P,doc,209 KB,2002-07-17,https://docs.google.com/document/d/1cTCwm4Uxate7QrQU3abvhhZBaOUeo24P/edit?usp=drivesdk&ouid=108903452697856056621&rtpof=true&sd=true
PERFIL UIS.doc,DISCO LOCAL D 2026/Ideas de proyectos_Ciudades del Conocimiento_Foro Corplan_2002,17YW0OVisYl8eiYZbTZz0ykAa6kagKWzC,doc,20 KB,2002-06-13,https://docs.google.com/document/d/17YW0OVisYl8eiYZbTZz0ykAa6kagKWzC/edit?usp=drivesdk&ouid=108903452697856056621&rtpof=true&sd=true
proyecto colciencia_Modelos de Información Territoria.doc,DISCO LOCAL D 2026/Ideas de proyectos_Ciudades del Conocimiento_Foro Corplan_2002,1BztwJChLBBzQLkq3JO6vMxlMOZXiKokH,doc,40.5 KB,2002-06-06,https://docs.google.com/document/d/1BztwJChLBBzQLkq3JO6vMxlMOZXiKokH/edit?usp=drivesdk&ouid=108903452697856056621&rtpof=true&sd=true
img20260326_11253995.pdf,DISCO LOCAL D 2026/Escaneados,1uTsG7uZ_R8ooQcnWb2GMYZzSBzxc1mWL,pdf,156.5 KB,2026-03-26,https://drive.google.com/file/d/1uTsG7uZ_R8ooQcnWb2GMYZzSBzxc1mWL/view?usp=drivesdk
img20260324_16405190.pdf,DISCO LOCAL D 2026/Escaneados,1udMl1o4iJerlKxWz1FS3QzB9Hq3C0uNp,pdf,162.4 KB,2026-03-24,https://drive.google.com/file/d/1udMl1o4iJerlKxWz1FS3QzB9Hq3C0uNp/view?usp=drivesdk
img20260210_12364466.pdf,DISCO LOCAL D 2026/Escaneados,1SJR_OlHQLZR1J_WTr8b-44SN7fGOLZOQ,pdf,70 KB,2026-02-10,https://drive.google.com/file/d/1SJR_OlHQLZR1J_WTr8b-44SN7fGOLZOQ/view?usp=drivesdk
Declaración registro civil de nacimiento_11315918.pdf,DISCO LOCAL D 2026/Escaneados,1Z9xIYMOe6TIwvXXO4UL8daKCj9K3XaQU,pdf,312.9 KB,2025-12-03,https://drive.google.com/file/d/1Z9xIYMOe6TIwvXXO4UL8daKCj9K3XaQU/view?usp=drivesdk
Escritura 1 de 4_img20251203_11225653.pdf,DISCO LOCAL D 2026/Escaneados,1xeJ4wGJ5aJDwuSm9ISm5e92vPvWv13o2,pdf,260.5 KB,2025-12-03,https://drive.google.com/file/d/1xeJ4wGJ5aJDwuSm9ISm5e92vPvWv13o2/view?usp=drivesdk
Escraitura 4 de 4_11060359.pdf,DISCO LOCAL D 2026/Escaneados,1ANxDHjjW1jJtLGcLOxBEP0M95j6CRii4,pdf,373 KB,2025-12-03,https://drive.google.com/file/d/1ANxDHjjW1jJtLGcLOxBEP0M95j6CRii4/view?usp=drivesdk
Escritura 3 de 4_img20251203_11040342.pdf,DISCO LOCAL D 2026/Escaneados,1iGaIrQuhFKi6-Xd6WpxkjDblapW2Ikx0,pdf,360.4 KB,2025-12-03,https://drive.google.com/file/d/1iGaIrQuhFKi6-Xd6WpxkjDblapW2Ikx0/view?usp=drivesdk
Escritura 2 de 4_img20251203_10595852.pdf,DISCO LOCAL D 2026/Escaneados,1S506RWVkddqPpKnD8XUUsNaUdco0qJLM,pdf,378.5 KB,2025-12-03,https://drive.google.com/file/d/1S506RWVkddqPpKnD8XUUsNaUdco0qJLM/view?usp=drivesdk
Escritura 1 de 4_img20251203_10565975.pdf,DISCO LOCAL D 2026/Escaneados,1R9qgf83OllulC83ELyPpO5tST2eTkjnX,pdf,169.3 KB,2025-12-03,https://drive.google.com/file/d/1R9qgf83OllulC83ELyPpO5tST2eTkjnX/view?usp=drivesdk
Partida de defunción_img20251203_10552314.pdf,DISCO LOCAL D 2026/Escaneados,1-rWHLH5KtWL5IMcYl_Xti5CAUENOrAo1,pdf,229.6 KB,2025-12-03,https://drive.google.com/file/d/1-rWHLH5KtWL5IMcYl_Xti5CAUENOrAo1/view?usp=drivesdk
Registro Civil de Nacimiento Amado_img20251203_10535231.pdf,DISCO LOCAL D 2026/Escaneados,1a3rwYe7U8D_jLCXOLA7uWXAiErbP8cft,pdf,263.4 KB,2025-12-03,https://drive.google.com/file/d/1a3rwYe7U8D_jLCXOLA7uWXAiErbP8cft/view?usp=drivesdk
img20250920_06184978.pdf,DISCO LOCAL D 2026/Escaneados,1oH-a4u1uCHxIyfJ-zdUqv1tmX4IYCxZb,pdf,285.1 KB,2025-09-20,https://drive.google.com/file/d/1oH-a4u1uCHxIyfJ-zdUqv1tmX4IYCxZb/view?usp=drivesdk
img20250920_06321935.pdf,DISCO LOCAL D 2026/Escaneados,1ErEdaKDb_5fcJBWRaL5FFV3E6gF4Q_2q,pdf,282.1 KB,2025-09-20,https://drive.google.com/file/d/1ErEdaKDb_5fcJBWRaL5FFV3E6gF4Q_2q/view?usp=drivesdk
img20250910_05283478.pdf,DISCO LOCAL D 2026/Escaneados,1Ti2TJQYAjRvonWjF7ZF0wzz0fUJwoHz5,pdf,148.7 KB,2025-09-10,https://drive.google.com/file/d/1Ti2TJQYAjRvonWjF7ZF0wzz0fUJwoHz5/view?usp=drivesdk
img20250910_05272262.pdf,DISCO LOCAL D 2026/Escaneados,1y6l2cZTg0WJPELPVf3s5yJ-mNXAIVTrM,pdf,144.8 KB,2025-09-10,https://drive.google.com/file/d/1y6l2cZTg0WJPELPVf3s5yJ-mNXAIVTrM/view?usp=drivesdk
img20250909_13364102.pdf,DISCO LOCAL D 2026/Escaneados,1q4oIr-1_UiPsmjin1CtSLZ1J1SF4XzN5,pdf,200.8 KB,2025-09-09,https://drive.google.com/file/d/1q4oIr-1_UiPsmjin1CtSLZ1J1SF4XzN5/view?usp=drivesdk
img20250901_08115581.pdf,DISCO LOCAL D 2026/Escaneados,1PfrIeshPnAXuqbparJ6_AppjyzDOcmSu,pdf,185.6 KB,2025-09-01,https://drive.google.com/file/d/1PfrIeshPnAXuqbparJ6_AppjyzDOcmSu/view?usp=drivesdk
img20250901_08102393.pdf,DISCO LOCAL D 2026/Escaneados,1f8touqMxr5uHS-uB6ysqOzMzrTj4ilr2,pdf,117.3 KB,2025-09-01,https://drive.google.com/file/d/1f8touqMxr5uHS-uB6ysqOzMzrTj4ilr2/view?usp=drivesdk
img20250901_08092821.pdf,DISCO LOCAL D 2026/Escaneados,1yPDyuFJHTKtP4M_bBosXXGGa9xI_ul_a,pdf,122.2 KB,2025-09-01,https://drive.google.com/file/d/1yPDyuFJHTKtP4M_bBosXXGGa9xI_ul_a/view?usp=drivesdk
img20250901_08082950.pdf,DISCO LOCAL D 2026/Escaneados,1Mrp9_WDMiVPK2JaNhQGLUCH-zDhUfofl,pdf,116.2 KB,2025-09-01,https://drive.google.com/file/d/1Mrp9_WDMiVPK2JaNhQGLUCH-zDhUfofl/view?usp=drivesdk
img20250901_08071072.pdf,DISCO LOCAL D 2026/Escaneados,15Rwi4LIMBwPjFUR3BVsCQi0M_fmGwzMY,pdf,112.1 KB,2025-09-01,https://drive.google.com/file/d/15Rwi4LIMBwPjFUR3BVsCQi0M_fmGwzMY/view?usp=drivesdk
copia de cédula de paá y mamá_ladob.pdf.pdf,DISCO LOCAL D 2026/Escaneados,1pvz7Pf5VMs5H5MyuZh4BcAhm7JfRVQfq,pdf,112.8 KB,2025-07-14,https://drive.google.com/file/d/1pvz7Pf5VMs5H5MyuZh4BcAhm7JfRVQfq/view?usp=drivesdk
copia de cédula de paá y mamá_ladoA.pdf,DISCO LOCAL D 2026/Escaneados,1pgdiaz63fIM5kXni7Q55mf55GJugY2i_,pdf,114.8 KB,2025-07-14,https://drive.google.com/file/d/1pgdiaz63fIM5kXni7Q55mf55GJugY2i_/view?usp=drivesdk
Constancia de estudios de GGF.pdf,DISCO LOCAL D 2026/Escaneados,1J_Tn84h7IHTWcAkfwVUYAcPLBg14rx5f,pdf,135.2 KB,2025-07-08,https://drive.google.com/file/d/1J_Tn84h7IHTWcAkfwVUYAcPLBg14rx5f/view?usp=drivesdk
Declaración de dependencia económica_lado A.pdf,DISCO LOCAL D 2026/Escaneados,1t6h6KwDpTY1ctzMujzNMZThiv8L4W5NF,pdf,239.1 KB,2025-07-08,https://drive.google.com/file/d/1t6h6KwDpTY1ctzMujzNMZThiv8L4W5NF/view?usp=drivesdk
Declaración de dependencia económica_lado B.pdf,DISCO LOCAL D 2026/Escaneados,19xQ4TYphkJ_0ZMC92zSWDh4kFz5GkHYy,pdf,118.4 KB,2025-07-08,https://drive.google.com/file/d/19xQ4TYphkJ_0ZMC92zSWDh4kFz5GkHYy/view?usp=drivesdk
Formulario Unico de afiliación e inscripción.pdf,DISCO LOCAL D 2026/Escaneados,1muhKf66MMgMhIxbo2B9IYr7wfGzk8X32,pdf,257.8 KB,2025-07-08,https://drive.google.com/file/d/1muhKf66MMgMhIxbo2B9IYr7wfGzk8X32/view?usp=drivesdk
Socialización de reglamentos de prestación de servicios y derechos y deberes del usuario_LADO B.pdf,DISCO LOCAL D 2026/Escaneados,1SmpWxkyK27nzJr_EuQRIFEXldGnu_dRZ,pdf,120.5 KB,2025-07-08,https://drive.google.com/file/d/1SmpWxkyK27nzJr_EuQRIFEXldGnu_dRZ/view?usp=drivesdk
Socialización de reglamentos de prestación de servicios y derechos y deberes del usuario_LADO A.pdf,DISCO LOCAL D 2026/Escaneados,1Jcx9e5l3Z0M9DHXOyRJRzOitJveNY6TA,pdf,254.8 KB,2025-07-08,https://drive.google.com/file/d/1Jcx9e5l3Z0M9DHXOyRJRzOitJveNY6TA/view?usp=drivesdk
Registro Civil de Gabriel Guerrero Fuentes_lado B.pdf,DISCO LOCAL D 2026/Escaneados,1gsK_-GWtf5JgvrfUGLYf9XKVSSOvu_j-,pdf,201.6 KB,2025-07-08,https://drive.google.com/file/d/1gsK_-GWtf5JgvrfUGLYf9XKVSSOvu_j-/view?usp=drivesdk
Registro Civil de Gabriel Guerrero Fuentes_lado A.pdf,DISCO LOCAL D 2026/Escaneados,1ldbJPc2kSz0XnuAtu2DnYtt2P1oHnpbX,pdf,334 KB,2025-07-08,https://drive.google.com/file/d/1ldbJPc2kSz0XnuAtu2DnYtt2P1oHnpbX/view?usp=drivesdk
Dorso de cédula de mama y papa.pdf,DISCO LOCAL D 2026/Escaneados,1bjE1ic4yhde701WEGgJDLEjo45Zm5aLR,pdf,108.6 KB,2025-07-07,https://drive.google.com/file/d/1bjE1ic4yhde701WEGgJDLEjo45Zm5aLR/view?usp=drivesdk
Cedula de mama y papa.pdf,DISCO LOCAL D 2026/Escaneados,1u5adrjt1gG79BQAFeCSZoBfrVuR5ZlYL,pdf,111 KB,2025-07-07,https://drive.google.com/file/d/1u5adrjt1gG79BQAFeCSZoBfrVuR5ZlYL/view?usp=drivesdk
Papeles_Carro_dorso.pdf,DISCO LOCAL D 2026/Escaneados,16s-C8dGjaKC-ndQEGC2WGPr0Vf3Fa4sx,pdf,233.7 KB,2025-06-13,https://drive.google.com/file/d/16s-C8dGjaKC-ndQEGC2WGPr0Vf3Fa4sx/view?usp=drivesdk
Papeles Carro.pdf,DISCO LOCAL D 2026/Escaneados,1huTLB7UauxAHFwn9hLxPupOdnOfMWhua,pdf,231.7 KB,2025-06-13,https://drive.google.com/file/d/1huTLB7UauxAHFwn9hLxPupOdnOfMWhua/view?usp=drivesdk
Amado_Tarjettas_dorso.pdf,DISCO LOCAL D 2026/Escaneados,1raxk-z5V5jPbT2P3Z7MSphyhDoWtlpA1,pdf,140.1 KB,2025-06-13,https://drive.google.com/file/d/1raxk-z5V5jPbT2P3Z7MSphyhDoWtlpA1/view?usp=drivesdk
Amado_Tarjeta.pdf,DISCO LOCAL D 2026/Escaneados,1BnCpSptcgLlz2BBF0qjB2v_QIsJ0ddrZ,pdf,143.2 KB,2025-06-13,https://drive.google.com/file/d/1BnCpSptcgLlz2BBF0qjB2v_QIsJ0ddrZ/view?usp=drivesdk
Doc_Dorso_Amado_Gabriel.pdf,DISCO LOCAL D 2026/Escaneados,1SRtBf7p0wbuppLb5oEapAhoGPNM7FA7L,pdf,175 KB,2025-06-13,https://drive.google.com/file/d/1SRtBf7p0wbuppLb5oEapAhoGPNM7FA7L/view?usp=drivesdk
Doc_Amado_Gabriel.pdf,DISCO LOCAL D 2026/Escaneados,18ji4v63X0-Gk8cpclLszUbJiyl_d-res,pdf,159 KB,2025-06-13,https://drive.google.com/file/d/18ji4v63X0-Gk8cpclLszUbJiyl_d-res/view?usp=drivesdk
Tarjetas de Crédito Itau_Mcard y Visa_dorso.pdf,DISCO LOCAL D 2026/Escaneados,1OfiuV7q7lgPAroyZiJrBayRCkG-0Udha,pdf,98.9 KB,2025-06-12,https://drive.google.com/file/d/1OfiuV7q7lgPAroyZiJrBayRCkG-0Udha/view?usp=drivesdk
Tarjetas de Crédito Itau_Mcard y Visa.pdf,DISCO LOCAL D 2026/Escaneados,1enNKJWQCrNd4KEwQL7D6TLJRLQxlzXb0,pdf,102.9 KB,2025-06-12,https://drive.google.com/file/d/1enNKJWQCrNd4KEwQL7D6TLJRLQxlzXb0/view?usp=drivesdk
Lecencia de Transito_TP_dorso.pdf,DISCO LOCAL D 2026/Escaneados,1y12mm5xvDb0pbWy8Owz11hEAAq53fP1H,pdf,91.2 KB,2025-06-12,https://drive.google.com/file/d/1y12mm5xvDb0pbWy8Owz11hEAAq53fP1H/view?usp=drivesdk
Licencia de Transito_TP_Camioneta Tucson RKL552.pdf,DISCO LOCAL D 2026/Escaneados,1N0Jyypg6_Iqn7F5HRqISNlduWT8-DyQU,pdf,91.4 KB,2025-06-12,https://drive.google.com/file/d/1N0Jyypg6_Iqn7F5HRqISNlduWT8-DyQU/view?usp=drivesdk
Amado_Carnet Docente_Dorso.pdf,DISCO LOCAL D 2026/Escaneados,10VcugDutXqsxcYsKzwCxH0LJRE5pt-WH,pdf,81.5 KB,2025-06-12,https://drive.google.com/file/d/10VcugDutXqsxcYsKzwCxH0LJRE5pt-WH/view?usp=drivesdk
Amado_Carnet docente UIS.pdf,DISCO LOCAL D 2026/Escaneados,1ai116adO3KwBZjsxOEURDzxW5_dmijzC,pdf,88 KB,2025-06-12,https://drive.google.com/file/d/1ai116adO3KwBZjsxOEURDzxW5_dmijzC/view?usp=drivesdk
Cédulas Silvio y Diva_Dorso.pdf,DISCO LOCAL D 2026/Escaneados,1rZAxVDE82h9h0zpXO_rirA0obus3LXLK,pdf,107.8 KB,2025-06-12,https://drive.google.com/file/d/1rZAxVDE82h9h0zpXO_rirA0obus3LXLK/view?usp=drivesdk
Cédulas Silvio y Diva_.pdf,DISCO LOCAL D 2026/Escaneados,1A97S7MuPQgrUIXGlmZhJMFJyga3Sntkh,pdf,111.2 KB,2025-06-12,https://drive.google.com/file/d/1A97S7MuPQgrUIXGlmZhJMFJyga3Sntkh/view?usp=drivesdk
Amado y Anyella_Parque Nacional del Café.pdf,DISCO LOCAL D 2026/Escaneados,1PFhm-OBkrKaa4QN_aOG8kJmnvMkrOD33,pdf,152.5 KB,2025-06-09,https://drive.google.com/file/d/1PFhm-OBkrKaa4QN_aOG8kJmnvMkrOD33/view?usp=drivesdk
Romelia Rincón (tía meyo) y su hijo Álvaro..pdf,DISCO LOCAL D 2026/Escaneados,1HfXKtbfFo9-8mig9iHkki-WlFD-MJnJv,pdf,91.9 KB,2025-06-09,https://drive.google.com/file/d/1HfXKtbfFo9-8mig9iHkki-WlFD-MJnJv/view?usp=drivesdk
Carnets de Diva I. Rincón.pdf,DISCO LOCAL D 2026/Escaneados,1mik8B1XWevtz33v1kCppO9iYBMsGflBH,pdf,120 KB,2025-05-31,https://drive.google.com/file/d/1mik8B1XWevtz33v1kCppO9iYBMsGflBH/view?usp=drivesdk
Tarjeta de Identidad Gabriel Guerrero_Lado B_.pdf,DISCO LOCAL D 2026/Escaneados,1AAHMhhYaFnZLB04_jt8hoPN7tSa0_lkv,pdf,98.8 KB,2025-05-30,https://drive.google.com/file/d/1AAHMhhYaFnZLB04_jt8hoPN7tSa0_lkv/view?usp=drivesdk
Tarjeta de identidad_Gabriel Guerrero_LadoA.pdf,DISCO LOCAL D 2026/Escaneados,1G00DMlZFu0iSHETyNYhh9Qlg-LImXBMt,pdf,86.1 KB,2025-05-30,https://drive.google.com/file/d/1G00DMlZFu0iSHETyNYhh9Qlg-LImXBMt/view?usp=drivesdk
Registro Civil_Gabriel Guerrero_LadoB.pdf,DISCO LOCAL D 2026/Escaneados,1yoFQUC693uBtNSlZ2wqqIpKQqhVTtmRG,pdf,206.1 KB,2025-05-30,https://drive.google.com/file/d/1yoFQUC693uBtNSlZ2wqqIpKQqhVTtmRG/view?usp=drivesdk
Registro CVivil_Gsbriel Guerrero_ladoA.pdf,DISCO LOCAL D 2026/Escaneados,1jAZbP8ESYHN0WqFszF2QopZrF6IY3MIF,pdf,348.2 KB,2025-05-30,https://drive.google.com/file/d/1jAZbP8ESYHN0WqFszF2QopZrF6IY3MIF/view?usp=drivesdk
img20250402_18354100.pdf,DISCO LOCAL D 2026/Escaneados,1QD0vCuc80udFZP_LcN915tzfwxNopV4i,pdf,159.7 KB,2025-04-02,https://drive.google.com/file/d/1QD0vCuc80udFZP_LcN915tzfwxNopV4i/view?usp=drivesdk
img20250402_18340192.pdf,DISCO LOCAL D 2026/Escaneados,1c-SHfOgp-q7HtoBlJcun_pXmE8P5jAf2,pdf,159.1 KB,2025-04-02,https://drive.google.com/file/d/1c-SHfOgp-q7HtoBlJcun_pXmE8P5jAf2/view?usp=drivesdk
Examen_Historia Clínica Dr. Arias 10141210.pdf,DISCO LOCAL D 2026/Escaneados,1tYUJ5TOETBv_rK9Nttw9pwe6lmL4v7F2,pdf,236.5 KB,2025-03-13,https://drive.google.com/file/d/1tYUJ5TOETBv_rK9Nttw9pwe6lmL4v7F2/view?usp=drivesdk
img20250310_05402391.pdf,DISCO LOCAL D 2026/Escaneados,1EAfGwa9JfwWUfhDHq8xgh4PqX5Otgl7j,pdf,164.6 KB,2025-03-10,https://drive.google.com/file/d/1EAfGwa9JfwWUfhDHq8xgh4PqX5Otgl7j/view?usp=drivesdk
img20250310_05351292.pdf,DISCO LOCAL D 2026/Escaneados,1jylJmb4oWTooethkWo4E2wL4qYNTpvNQ,pdf,152.9 KB,2025-03-10,https://drive.google.com/file/d/1jylJmb4oWTooethkWo4E2wL4qYNTpvNQ/view?usp=drivesdk
img20250310_05330737.pdf,DISCO LOCAL D 2026/Escaneados,1Ma1UC_1U6myUoZ9irvH0b78RzaYuC7R8,pdf,318.2 KB,2025-03-10,https://drive.google.com/file/d/1Ma1UC_1U6myUoZ9irvH0b78RzaYuC7R8/view?usp=drivesdk
img20250210_10291508.pdf,DISCO LOCAL D 2026/Escaneados,1jjsfaWsga2tDSwVPEF4zwWCnknjS5W2x,pdf,194.1 KB,2025-02-10,https://drive.google.com/file/d/1jjsfaWsga2tDSwVPEF4zwWCnknjS5W2x/view?usp=drivesdk
img20250210_10240483.pdf,DISCO LOCAL D 2026/Escaneados,1PjXpcizv9Khu6f9scLFIptctbEt8QDM8,pdf,273.4 KB,2025-02-10,https://drive.google.com/file/d/1PjXpcizv9Khu6f9scLFIptctbEt8QDM8/view?usp=drivesdk
img20250210_10195550.pdf,DISCO LOCAL D 2026/Escaneados,1pXS9hrHCPTc9tFDAM95oNULsHlUvUbEm,pdf,230.7 KB,2025-02-10,https://drive.google.com/file/d/1pXS9hrHCPTc9tFDAM95oNULsHlUvUbEm/view?usp=drivesdk
Pase B.pdf,DISCO LOCAL D 2026/Escaneados,1Qp1mPPyRocp_NqdNkZ3dSK47VU_ym2MN,pdf,90.5 KB,2025-01-23,https://drive.google.com/file/d/1Qp1mPPyRocp_NqdNkZ3dSK47VU_ym2MN/view?usp=drivesdk
Pase_A.pdf,DISCO LOCAL D 2026/Escaneados,1Ey0nLNfmCyHEizlrMlJ_-U2uFSR7jgam,pdf,89.8 KB,2025-01-23,https://drive.google.com/file/d/1Ey0nLNfmCyHEizlrMlJ_-U2uFSR7jgam/view?usp=drivesdk
Pase A.pdf,DISCO LOCAL D 2026/Escaneados,1jzOFl0oSpmcryEekWeQW-WpRPYDnhT7G,pdf,98.9 KB,2025-01-23,https://drive.google.com/file/d/1jzOFl0oSpmcryEekWeQW-WpRPYDnhT7G/view?usp=drivesdk
TP A.pdf,DISCO LOCAL D 2026/Escaneados,189T9aWsccGh9BdWAoPPXC0dR_Kdvbhcc,pdf,92.8 KB,2025-01-23,https://drive.google.com/file/d/189T9aWsccGh9BdWAoPPXC0dR_Kdvbhcc/view?usp=drivesdk
img20240827_10033251.pdf,DISCO LOCAL D 2026/Escaneados,1LQyMQBAZF7CGAOPLiB3HHkSsKaBeUubd,pdf,210.5 KB,2024-08-27,https://drive.google.com/file/d/1LQyMQBAZF7CGAOPLiB3HHkSsKaBeUubd/view?usp=drivesdk
img20240827_10022159.pdf,DISCO LOCAL D 2026/Escaneados,1OS9JtIkHxjN4Tn--DvpgjGieVq7_t3TW,pdf,207.4 KB,2024-08-27,https://drive.google.com/file/d/1OS9JtIkHxjN4Tn--DvpgjGieVq7_t3TW/view?usp=drivesdk
img20240827_09574687.pdf,DISCO LOCAL D 2026/Escaneados,1IaEWcswKhbmSGXOkeOwUThoKzD85wBb4,pdf,190.1 KB,2024-08-27,https://drive.google.com/file/d/1IaEWcswKhbmSGXOkeOwUThoKzD85wBb4/view?usp=drivesdk
Respuestas_08_GobernanzaInstituciones.docx,DISCO LOCAL D 2026/Ejemplo de respuestas/EjemplosRespuestas2,1GUUOMrQJ8WtLfB2iurtePSs-TEF3gXxb,docx,23.7 KB,2026-03-09,https://docs.google.com/document/d/1GUUOMrQJ8WtLfB2iurtePSs-TEF3gXxb/edit?usp=drivesdk&ouid=108903452697856056621&rtpof=true&sd=true
Respuestas_07_InfraestructuraMultimodal.docx,DISCO LOCAL D 2026/Ejemplo de respuestas/EjemplosRespuestas2,14gtZRiJzl0jbseYgcjV1r-5S8pTTUc9Q,docx,23.3 KB,2026-03-09,https://docs.google.com/document/d/14gtZRiJzl0jbseYgcjV1r-5S8pTTUc9Q/edit?usp=drivesdk&ouid=108903452697856056621&rtpof=true&sd=true
Respuestas_06_BrechasConocimientoInnovacion.docx,DISCO LOCAL D 2026/Ejemplo de respuestas/EjemplosRespuestas2,1K8TVw--RL-4W8YNmd5C_te9p0npKl8tZ,docx,23.3 KB,2026-03-09,https://docs.google.com/document/d/1K8TVw--RL-4W8YNmd5C_te9p0npKl8tZ/edit?usp=drivesdk&ouid=108903452697856056621&rtpof=true&sd=true
Respuestas_05_DesigualdadEstructural.docx,DISCO LOCAL D 2026/Ejemplo de respuestas/EjemplosRespuestas2,1QamZW5L_nCObd-2dGDV0BNYsLC_ca19Z,docx,22.8 KB,2026-03-09,https://docs.google.com/document/d/1QamZW5L_nCObd-2dGDV0BNYsLC_ca19Z/edit?usp=drivesdk&ouid=108903452697856056621&rtpof=true&sd=true
Respuestas_04_Diversificacion_Sofisticacion.docx,DISCO LOCAL D 2026/Ejemplo de respuestas/EjemplosRespuestas2,1xe17Icwd4YUa2Y-SFcl3u54J0LIfVmLt,docx,22.7 KB,2026-03-09,https://docs.google.com/document/d/1xe17Icwd4YUa2Y-SFcl3u54J0LIfVmLt/edit?usp=drivesdk&ouid=108903452697856056621&rtpof=true&sd=true
Respuesta_03_DependenciaExtractiva.docx,DISCO LOCAL D 2026/Ejemplo de respuestas/EjemplosRespuestas2,1AAWX176OdHxtYs5bIc3DxTHQFg0xMIQG,docx,20.7 KB,2026-03-09,https://docs.google.com/document/d/1AAWX176OdHxtYs5bIc3DxTHQFg0xMIQG/edit?usp=drivesdk&ouid=108903452697856056621&rtpof=true&sd=true
Respuesta_02_Demografia_Salud.docx,DISCO LOCAL D 2026/Ejemplo de respuestas/EjemplosRespuestas2,1OTO4FpAe1d3rL1Yqv0SnKlvBcpImdM03,docx,23.2 KB,2026-03-09,https://docs.google.com/document/d/1OTO4FpAe1d3rL1Yqv0SnKlvBcpImdM03/edit?usp=drivesdk&ouid=108903452697856056621&rtpof=true&sd=true
Respuesta_01_RiesgoHidrico.docx,DISCO LOCAL D 2026/Ejemplo de respuestas/EjemplosRespuestas2,1tnR7vvQLbBJkce3Uot-wDFyVBWY2t2ji,docx,21.5 KB,2026-03-09,https://docs.google.com/document/d/1tnR7vvQLbBJkce3Uot-wDFyVBWY2t2ji/edit?usp=drivesdk&ouid=108903452697856056621&rtpof=true&sd=true
00_introduccion_hilos_santander2050.html,DISCO LOCAL D 2026/0_2024-2025/HilosDelDesarrollo,1j5beIxGFsBJzmm7Zr4ISDm-taQBSJ-cW,html,19.5 KB,2026-03-12,https://drive.google.com/file/d/1j5beIxGFsBJzmm7Zr4ISDm-taQBSJ-cW/view?usp=drivesdk
hilo_07_infraestructura_santander2050.html,DISCO LOCAL D 2026/0_2024-2025/HilosDelDesarrollo,1ySrpHFu7X1qksLGZnE9bqfMnnrvSSX2_,html,66.6 KB,2026-03-12,https://drive.google.com/file/d/1ySrpHFu7X1qksLGZnE9bqfMnnrvSSX2_/view?usp=drivesdk
hilo_08_gobernanza_santander2050.html,DISCO LOCAL D 2026/0_2024-2025/HilosDelDesarrollo,12ycq3nWNhZC3WVTBp0uBJms9SwXaKEHX,html,71.8 KB,2026-03-12,https://drive.google.com/file/d/12ycq3nWNhZC3WVTBp0uBJms9SwXaKEHX/view?usp=drivesdk
hilo_05_desigualdad_santander2050.html,DISCO LOCAL D 2026/0_2024-2025/HilosDelDesarrollo,1OPwVRzY-gzB5W6xg-UJ3T_UeebMqY_e3,html,73.5 KB,2026-03-12,https://drive.google.com/file/d/1OPwVRzY-gzB5W6xg-UJ3T_UeebMqY_e3/view?usp=drivesdk
hilo_04_sofisticacion_santander2050.html,DISCO LOCAL D 2026/0_2024-2025/HilosDelDesarrollo,1M6N15Gl2XcbP2HsCGqAYV3hIwQf6Zecd,html,92.5 KB,2026-03-12,https://drive.google.com/file/d/1M6N15Gl2XcbP2HsCGqAYV3hIwQf6Zecd/view?usp=drivesdk
hilo_03_extractivo_santander2050.html,DISCO LOCAL D 2026/0_2024-2025/HilosDelDesarrollo,1MaTTZIDyw4n7zFjclH7NvoLKd2g4UKwZ,html,82.5 KB,2026-03-12,https://drive.google.com/file/d/1MaTTZIDyw4n7zFjclH7NvoLKd2g4UKwZ/view?usp=drivesdk
hilo_06_conocimiento_santander2050.html,DISCO LOCAL D 2026/0_2024-2025/HilosDelDesarrollo,1-Food04IhwfuZN5sd-tDRIL6S_VpIWVw,html,74 KB,2026-03-12,https://drive.google.com/file/d/1-Food04IhwfuZN5sd-tDRIL6S_VpIWVw/view?usp=drivesdk
hilo_02_demografico_santander2050.html,DISCO LOCAL D 2026/0_2024-2025/HilosDelDesarrollo,1DM6OPArbcDCeZrT5LW8C9xXwo1Y7kJvq,html,69 KB,2026-03-12,https://drive.google.com/file/d/1DM6OPArbcDCeZrT5LW8C9xXwo1Y7kJvq/view?usp=drivesdk
hilo_01_hidrico_santander2050_v2.html,DISCO LOCAL D 2026/0_2024-2025/HilosDelDesarrollo,1NrHs7mrkXEUVqDtcLamy3opQdAFIBmLn,html,62.7 KB,2026-03-12,https://drive.google.com/file/d/1NrHs7mrkXEUVqDtcLamy3opQdAFIBmLn/view?usp=drivesdk
PIIA_registro-de-propuesta-de-investigacion-para-financiacion-interna .xlsx,DISCO LOCAL D 2026/0_2024-2025/2025B_Revista Equidad y Desarrollo_Esbozo de ideas para formular Proyectos_2025,17AowZhfFIr9C0Iw29B_iR_fz6snqgcJW,xlsx,99.9 KB,2025-04-05,https://docs.google.com/spreadsheets/d/17AowZhfFIr9C0Iw29B_iR_fz6snqgcJW/edit?usp=drivesdk&ouid=108903452697856056621&rtpof=true&sd=true
PIIA_2025_PROPUESTA_Impactos inteligencia artificial_VIE.IA.docx,DISCO LOCAL D 2026/0_2024-2025/2025B_Revista Equidad y Desarrollo_Esbozo de ideas para formular Proyectos_2025,10V1JhhrKxNrZ8ClAPtP7vqBcoYKepbDH,docx,59.1 KB,2025-04-05,https://docs.google.com/document/d/10V1JhhrKxNrZ8ClAPtP7vqBcoYKepbDH/edit?usp=drivesdk&ouid=108903452697856056621&rtpof=true&sd=true
Instrucciones_Autor N.docx,DISCO LOCAL D 2026/0_2024-2025/2025B_Revista Equidad y Desarrollo_Esbozo de ideas para formular Proyectos_2025,1NXGdXnaVuzwGK9pJ88Mn3at_wUQZAVYc,docx,15.4 KB,2025-03-13,https://docs.google.com/document/d/1NXGdXnaVuzwGK9pJ88Mn3at_wUQZAVYc/edit?usp=drivesdk&ouid=108903452697856056621&rtpof=true&sd=true
Carta de Presentación del Anteproyecto.docx,DISCO LOCAL D 2026/0_2024-2025/2025B_Revista Equidad y Desarrollo_Esbozo de ideas para formular Proyectos_2025,1wkPIjOdEJ2CTl-HyKN1Q47xKhl--8sHQ,docx,62.3 KB,2025-03-12,https://docs.google.com/document/d/1wkPIjOdEJ2CTl-HyKN1Q47xKhl--8sHQ/edit?usp=drivesdk&ouid=108903452697856056621&rtpof=true&sd=true
Instrucciones Rev_Información autores EyD-OTH (1).docx,DISCO LOCAL D 2026/0_2024-2025/2025B_Revista Equidad y Desarrollo_Esbozo de ideas para formular Proyectos_2025,11EUFwl_OL1Y1IMeZGXP2C8GezoJApYYQ,docx,42 KB,2025-03-10,https://docs.google.com/document/d/11EUFwl_OL1Y1IMeZGXP2C8GezoJApYYQ/edit?usp=drivesdk&ouid=108903452697856056621&rtpof=true&sd=true
Wilfred_Transformaciones productivas borrador de ideas (1).docx,DISCO LOCAL D 2026/0_2024-2025/2025B_Revista Equidad y Desarrollo_Esbozo de ideas para formular Proyectos_2025,1zMIIGG3u4JfD9YhcZxGsxWZqA10OcV2w,docx,16.9 KB,2025-03-05,https://docs.google.com/document/d/1zMIIGG3u4JfD9YhcZxGsxWZqA10OcV2w/edit?usp=drivesdk&ouid=108903452697856056621&rtpof=true&sd=true